-- phpMyAdmin SQL Dump
-- version 4.4.15.7
-- http://www.phpmyadmin.net
--
-- Хост: 127.0.0.1:3306
-- Время создания: Ноя 24 2017 г., 15:22
-- Версия сервера: 5.5.50
-- Версия PHP: 7.0.8

SET SQL_MODE = "NO_AUTO_VALUE_ON_ZERO";
SET time_zone = "+00:00";


/*!40101 SET @OLD_CHARACTER_SET_CLIENT=@@CHARACTER_SET_CLIENT */;
/*!40101 SET @OLD_CHARACTER_SET_RESULTS=@@CHARACTER_SET_RESULTS */;
/*!40101 SET @OLD_COLLATION_CONNECTION=@@COLLATION_CONNECTION */;
/*!40101 SET NAMES utf8mb4 */;

--
-- База данных: `uniprint`
--

-- --------------------------------------------------------

--
-- Структура таблицы `category`
--

CREATE TABLE IF NOT EXISTS `category` (
  `id` int(11) NOT NULL,
  `title` varchar(255) NOT NULL,
  `description` varchar(255) DEFAULT NULL,
  `image` varchar(255) DEFAULT NULL,
  `parent_id` int(11) DEFAULT '0'
) ENGINE=InnoDB AUTO_INCREMENT=12 DEFAULT CHARSET=utf8;

--
-- Дамп данных таблицы `category`
--

INSERT INTO `category` (`id`, `title`, `description`, `image`, `parent_id`) VALUES
(1, 'летная одежда', NULL, 's001', 6),
(2, 'осенняя одежда', NULL, 'o010', 6),
(3, 'для новорожденных', NULL, 'a005', 6),
(4, 'детское белье', NULL, 'n003', 6),
(5, 'визитные карточки', NULL, NULL, 7),
(6, 'печать на текстиле', NULL, NULL, 0),
(7, 'офсетная печать', NULL, NULL, 0),
(8, 'печать на пакетах', NULL, 'p003', 6),
(9, 'плакаты, календари', NULL, NULL, 7),
(10, 'листовки, буклеты', NULL, NULL, 7),
(11, 'разное', NULL, NULL, 7);

-- --------------------------------------------------------

--
-- Структура таблицы `dc_order`
--

CREATE TABLE IF NOT EXISTS `dc_order` (
  `id` int(11) NOT NULL,
  `count` int(11) NOT NULL,
  `cover` enum('white','silver','gold','') NOT NULL DEFAULT 'white',
  `barcode` tinyint(1) NOT NULL DEFAULT '0',
  `number` tinyint(1) NOT NULL DEFAULT '0',
  `signature` tinyint(1) NOT NULL DEFAULT '0',
  `magnet` tinyint(1) NOT NULL DEFAULT '0',
  `scketch` tinyint(1) NOT NULL DEFAULT '0',
  `emboss` tinyint(1) NOT NULL DEFAULT '0',
  `design` tinyint(1) NOT NULL DEFAULT '0',
  `name` varchar(255) NOT NULL,
  `company` varchar(255) DEFAULT 'не указана',
  `phone` varchar(255) NOT NULL,
  `email` varchar(255) DEFAULT 'не указан',
  `info` varchar(255) DEFAULT 'не указана',
  `created_at` datetime NOT NULL,
  `updated_at` datetime NOT NULL,
  `sum` float NOT NULL
) ENGINE=InnoDB AUTO_INCREMENT=11 DEFAULT CHARSET=utf8;

--
-- Дамп данных таблицы `dc_order`
--

INSERT INTO `dc_order` (`id`, `count`, `cover`, `barcode`, `number`, `signature`, `magnet`, `scketch`, `emboss`, `design`, `name`, `company`, `phone`, `email`, `info`, `created_at`, `updated_at`, `sum`) VALUES
(9, 50, 'silver', 0, 0, 0, 0, 0, 1, 0, 'oleg', '', '0955476823', '', '', '2017-10-25 19:38:58', '2017-10-25 19:38:58', 800),
(10, 100, 'white', 0, 1, 0, 0, 0, 0, 0, 'oleg', '', '0955476823', '', '', '2017-10-25 19:44:52', '2017-10-25 19:44:52', 330);

-- --------------------------------------------------------

--
-- Структура таблицы `dc_price`
--

CREATE TABLE IF NOT EXISTS `dc_price` (
  `id` int(11) NOT NULL,
  `count` varchar(20) NOT NULL,
  `price` float NOT NULL,
  `gold_cover` float NOT NULL,
  `barcode` float NOT NULL,
  `number` float NOT NULL,
  `signature` float NOT NULL,
  `magnet` float NOT NULL,
  `scketch` float NOT NULL,
  `emboss` float NOT NULL,
  `design` float NOT NULL
) ENGINE=InnoDB AUTO_INCREMENT=11 DEFAULT CHARSET=utf8;

--
-- Дамп данных таблицы `dc_price`
--

INSERT INTO `dc_price` (`id`, `count`, `price`, `gold_cover`, `barcode`, `number`, `signature`, `magnet`, `scketch`, `emboss`, `design`) VALUES
(1, 'до 99', 15, 1, 1, 1, 2, 2, 0, 0, 250),
(2, 'от 100 до 299', 2.7, 1, 0.6, 0.6, 1, 2, 0, 0, 250),
(3, 'от 300 до 499', 2.6, 0.55, 0.3, 0.15, 0.6, 2, 0, 0, 250),
(4, 'от 500 до 999', 2.3, 0.5, 0.15, 0.15, 0.5, 1.5, 0, 0, 250),
(7, 'от 1000 до 1999', 1.89, 0.42, 0.1, 0.1, 0.45, 1.2, 0, 0, 250),
(8, 'от 2000 до 2999', 1.88, 0.4, 0.1, 0.1, 0.4, 1.2, 0, 0, 250),
(9, 'от 3000 до 4999', 1.86, 0.38, 0.1, 0.05, 0.3, 1, 0, 0, 250),
(10, 'более 5000', 1.81, 0.35, 0.05, 0.05, 0.3, 1, 0, 0, 250);

-- --------------------------------------------------------

--
-- Структура таблицы `product`
--

CREATE TABLE IF NOT EXISTS `product` (
  `id` int(11) NOT NULL,
  `vendor_id` varchar(10) NOT NULL,
  `title` varchar(255) NOT NULL,
  `category_id` int(11) NOT NULL,
  `image` varchar(255) NOT NULL,
  `description` varchar(255) NOT NULL,
  `available` tinyint(1) unsigned DEFAULT NULL
) ENGINE=InnoDB AUTO_INCREMENT=443 DEFAULT CHARSET=utf8;

--
-- Дамп данных таблицы `product`
--

INSERT INTO `product` (`id`, `vendor_id`, `title`, `category_id`, `image`, `description`, `available`) VALUES
(1, 'v-001', '', 5, 'v001', '', 1),
(2, 'v-002', '', 5, 'v002', '', 1),
(3, 'v-003', '', 5, 'v003', '', 1),
(4, 'v-004', '', 5, 'v004', '', 1),
(5, 'v-005', '', 5, 'v005', '', 1),
(6, 'v-006', '', 5, 'v006', '', 1),
(7, 'v-007', '', 5, 'v007', '', 1),
(8, 'v-008', '', 5, 'v008', '', 1),
(9, 'v-009', '', 5, 'v009', '', 1),
(10, 'v-010', '', 5, 'v010', '', 1),
(11, 'v-011', '', 5, 'v011', '', 1),
(12, 'v-012', '', 5, 'v012', '', 1),
(13, 'v-013', '', 5, 'v013', '', 1),
(101, 's-001', '', 1, 's001', '', 1),
(102, 's-002', '', 1, 's002', '', 1),
(103, 's-003', '', 1, 's003', '', 1),
(104, 's-004', '', 1, 's004', '', 1),
(105, 's-005', '', 1, 's005', '', 1),
(106, 's-006', '', 1, 's006', '', 1),
(107, 's-007', '', 1, 's007', '', 1),
(108, 's-008', '', 1, 's008', '', 1),
(109, 's-009', '', 1, 's009', '', 1),
(110, 's-010', '', 1, 's010', '', 1),
(111, 's-011', '', 1, 's011', '', 1),
(112, 's-012', '', 1, 's012', '', 1),
(113, 's-013', '', 1, 's013', '', 1),
(114, 's-014', '', 1, 's014', '', 1),
(115, 's-015', '', 1, 's015', '', 1),
(116, 's-016', '', 1, 's016', '', 1),
(117, 's-017', '', 1, 's017', '', 1),
(118, 's-018', '', 1, 's018', '', 1),
(119, 's-019', '', 1, 's019', '', 1),
(120, 's-020', '', 1, 's020', '', 1),
(121, 's-021', '', 1, 's021', '', 1),
(122, 's-022', '', 1, 's022', '', 1),
(123, 's-023', '', 1, 's023', '', 1),
(124, 's-024', '', 1, 's024', '', 1),
(125, 's-025', '', 1, 's025', '', 1),
(126, 's-026', '', 1, 's026', '', 1),
(127, 's-027', '', 1, 's027', '', 1),
(128, 's-028', '', 1, 's028', '', 1),
(129, 's-029', '', 1, 's029', '', 1),
(130, 's-030', '', 1, 's030', '', 1),
(131, 's-031', '', 1, 's031', '', 1),
(132, 's-032', '', 1, 's032', '', 1),
(133, 's-033', '', 1, 's033', '', 1),
(134, 's-034', '', 1, 's034', '', 1),
(135, 's-035', '', 1, 's035', '', 1),
(136, 's-036', '', 1, 's036', '', 1),
(137, 's-037', '', 1, 's037', '', 1),
(138, 's-038', '', 1, 's038', '', 1),
(139, 's-039', '', 1, 's039', '', 1),
(140, 's-040', '', 1, 's040', '', 1),
(141, 's-041', '', 1, 's041', '', 1),
(142, 's-042', '', 1, 's042', '', 1),
(143, 's-043', '', 1, 's043', '', 1),
(144, 's-044', '', 1, 's044', '', 1),
(145, 's-045', '', 1, 's045', '', 1),
(146, 's-046', '', 1, 's046', '', 1),
(147, 's-047', '', 1, 's047', '', 1),
(148, 's-048', '', 1, 's048', '', 1),
(149, 's-049', '', 1, 's049', '', 1),
(150, 's-050', '', 1, 's050', '', 1),
(151, 's-051', '', 1, 's051', '', 1),
(152, 's-052', '', 1, 's052', '', 1),
(153, 's-053', '', 1, 's053', '', 1),
(154, 's-054', '', 1, 's054', '', 1),
(155, 's-055', '', 1, 's055', '', 1),
(156, 's-056', '', 1, 's056', '', 1),
(157, 's-057', '', 1, 's057', '', 1),
(158, 's-058', '', 1, 's058', '', 1),
(159, 's-059', '', 1, 's059', '', 1),
(160, 's-060', '', 1, 's060', '', 1),
(161, 's-061', '', 1, 's061', '', 1),
(162, 's-062', '', 1, 's062', '', 1),
(163, 's-063', '', 1, 's063', '', 1),
(164, 's-064', '', 1, 's064', '', 1),
(165, 's-065', '', 1, 's065', '', 1),
(166, 's-066', '', 1, 's066', '', 1),
(167, 's-067', '', 1, 's067', '', 1),
(168, 's-068', '', 1, 's068', '', 1),
(169, 's-069', '', 1, 's069', '', 1),
(170, 's-070', '', 1, 's070', '', 1),
(171, 's-071', '', 1, 's071', '', 1),
(172, 's-072', '', 1, 's072', '', 1),
(173, 's-073', '', 1, 's073', '', 1),
(174, 's-074', '', 1, 's074', '', 1),
(175, 's-075', '', 1, 's075', '', 1),
(176, 's-076', '', 1, 's076', '', 1),
(177, 's-077', '', 1, 's077', '', 1),
(178, 's-078', '', 1, 's078', '', 1),
(179, 's-079', '', 1, 's079', '', 1),
(180, 's-080', '', 1, 's080', '', 1),
(181, 's-081', '', 1, 's081', '', 1),
(182, 's-082', '', 1, 's082', '', 1),
(183, 's-083', '', 1, 's083', '', 1),
(184, 's-084', '', 1, 's084', '', 1),
(185, 's-085', '', 1, 's085', '', 1),
(186, 's-086', '', 1, 's086', '', 1),
(187, 's-087', '', 1, 's087', '', 1),
(188, 's-088', '', 1, 's088', '', 1),
(189, 's-089', '', 1, 's089', '', 1),
(190, 's-090', '', 1, 's090', '', 1),
(191, 's-091', '', 1, 's091', '', 1),
(192, 's-092', '', 1, 's092', '', 1),
(193, 's-093', '', 1, 's093', '', 1),
(194, 's-094', '', 1, 's094', '', 1),
(195, 's-095', '', 1, 's095', '', 1),
(196, 's-096', '', 1, 's096', '', 1),
(197, 's-097', '', 1, 's097', '', 1),
(198, 's-098', '', 1, 's098', '', 1),
(199, 's-099', '', 1, 's099', '', 1),
(200, 's-100', '', 1, 's100', '', 1),
(201, 's-101', '', 1, 's101', '', 1),
(202, 's-102', '', 1, 's102', '', 1),
(203, 's-103', '', 1, 's103', '', 1),
(204, 's-104', '', 1, 's104', '', 1),
(205, 's-105', '', 1, 's105', '', 1),
(206, 's-106', '', 1, 's106', '', 1),
(207, 's-107', '', 1, 's107', '', 1),
(208, 's-108', '', 1, 's108', '', 1),
(209, 's-109', '', 1, 's109', '', 1),
(210, 's-110', '', 1, 's110', '', 1),
(211, 's-111', '', 1, 's111', '', 1),
(212, 's-112', '', 1, 's112', '', 1),
(213, 's-113', '', 1, 's113', '', 1),
(214, 's-114', '', 1, 's114', '', 1),
(215, 's-115', '', 1, 's115', '', 1),
(216, 's-116', '', 1, 's116', '', 1),
(217, 's-117', '', 1, 's117', '', 1),
(218, 's-118', '', 1, 's118', '', 1),
(219, 's-119', '', 1, 's119', '', 1),
(220, 's-120', '', 1, 's120', '', 1),
(221, 's-121', '', 1, 's121', '', 1),
(222, 's-122', '', 1, 's122', '', 1),
(223, 's-123', '', 1, 's123', '', 1),
(224, 's-124', '', 1, 's124', '', 1),
(225, 's-125', '', 1, 's125', '', 1),
(226, 's-126', '', 1, 's126', '', 1),
(227, 's-127', '', 1, 's127', '', 1),
(228, 's-128', '', 1, 's128', '', 1),
(229, 's-129', '', 1, 's129', '', 1),
(230, 's-130', '', 1, 's130', '', 1),
(231, 's-131', '', 1, 's131', '', 1),
(232, 's-132', '', 1, 's132', '', 1),
(233, 's-133', '', 1, 's133', '', 1),
(234, 's-134', '', 1, 's134', '', 1),
(235, 's-135', '', 1, 's135', '', 1),
(236, 's-136', '', 1, 's136', '', 1),
(237, 's-137', '', 1, 's137', '', 1),
(238, 's-138', '', 1, 's138', '', 1),
(239, 's-139', '', 1, 's139', '', 1),
(240, 's-140', '', 1, 's140', '', 1),
(241, 's-141', '', 1, 's141', '', 1),
(242, 's-142', '', 1, 's142', '', 1),
(243, 's-143', '', 1, 's143', '', 1),
(244, 's-144', '', 1, 's144', '', 1),
(245, 's-145', '', 1, 's145', '', 1),
(246, 's-146', '', 1, 's146', '', 1),
(247, 's-147', '', 1, 's147', '', 1),
(248, 's-148', '', 1, 's148', '', 1),
(249, 's-149', '', 1, 's149', '', 1),
(250, 's-150', '', 1, 's150', '', 1),
(251, 's-151', '', 1, 's151', '', 1),
(252, 's-152', '', 1, 's152', '', 1),
(253, 's-153', '', 1, 's153', '', 1),
(254, 's-154', '', 1, 's154', '', 1),
(255, 's-155', '', 1, 's155', '', 1),
(256, 's-156', '', 1, 's156', '', 1),
(257, 's-157', '', 1, 's157', '', 1),
(258, 's-158', '', 1, 's158', '', 1),
(259, 's-159', '', 1, 's159', '', 1),
(260, 's-160', '', 1, 's160', '', 1),
(261, 's-161', '', 1, 's161', '', 1),
(262, 's-162', '', 1, 's162', '', 1),
(263, 's-163', '', 1, 's163', '', 1),
(264, 's-164', '', 1, 's164', '', 1),
(265, 's-165', '', 1, 's165', '', 1),
(266, 'o-001', '', 2, 'o001', '', 1),
(267, 'o-002', '', 2, 'o002', '', 1),
(268, 'o-003', '', 2, 'o003', '', 1),
(269, 'o-004', '', 2, 'o004', '', 1),
(270, 'o-005', '', 2, 'o005', '', 1),
(271, 'o-006', '', 2, 'o006', '', 1),
(272, 'o-007', '', 2, 'o007', '', 1),
(273, 'o-008', '', 2, 'o008', '', 1),
(274, 'o-009', '', 2, 'o009', '', 1),
(275, 'o-010', '', 2, 'o010', '', 1),
(276, 'o-011', '', 2, 'o011', '', 1),
(277, 'o-012', '', 2, 'o012', '', 1),
(278, 'o-013', '', 2, 'o013', '', 1),
(279, 'o-014', '', 2, 'o014', '', 1),
(280, 'o-015', '', 2, 'o015', '', 1),
(281, 'o-016', '', 2, 'o016', '', 1),
(282, 'o-017', '', 2, 'o017', '', 1),
(283, 'o-018', '', 2, 'o018', '', 1),
(284, 'o-019', '', 2, 'o019', '', 1),
(285, 'o-020', '', 2, 'o020', '', 1),
(286, 'o-021', '', 2, 'o021', '', 1),
(287, 'o-022', '', 2, 'o022', '', 1),
(288, 'o-023', '', 2, 'o023', '', 1),
(289, 'o-024', '', 2, 'o024', '', 1),
(290, 'o-025', '', 2, 'o025', '', 1),
(291, 'o-026', '', 2, 'o026', '', 1),
(292, 'o-027', '', 2, 'o027', '', 1),
(293, 'o-028', '', 2, 'o028', '', 1),
(294, 'o-029', '', 2, 'o029', '', 1),
(295, 'o-030', '', 2, 'o030', '', 1),
(296, 'o-031', '', 2, 'o031', '', 1),
(297, 'o-032', '', 2, 'o032', '', 1),
(298, 'o-033', '', 2, 'o033', '', 1),
(299, 'o-034', '', 2, 'o034', '', 1),
(300, 'o-035', '', 2, 'o035', '', 1),
(301, 'o-036', '', 2, 'o036', '', 1),
(302, 'o-037', '', 2, 'o037', '', 1),
(303, 'o-038', '', 2, 'o038', '', 1),
(304, 'o-039', '', 2, 'o039', '', 1),
(305, 'o-040', '', 2, 'o040', '', 1),
(306, 'o-041', '', 2, 'o041', '', 1),
(307, 'o-042', '', 2, 'o042', '', 1),
(308, 'o-043', '', 2, 'o043', '', 1),
(309, 'a-001', '', 3, 'a001', '', 1),
(310, 'a-002', '', 3, 'a002', '', 1),
(311, 'a-003', '', 3, 'a003', '', 1),
(312, 'a-004', '', 3, 'a004', '', 1),
(313, 'a-005', '', 3, 'a005', '', 1),
(314, 'o-044', '', 2, 'o044', '', 1),
(315, 'o-045', '', 2, 'o045', '', 1),
(316, 'a-006', '', 3, 'a006', '', 1),
(317, 'a-007', '', 3, 'a007', '', 1),
(318, 'a-008', '', 3, 'a008', '', 1),
(319, 'a-009', '', 3, 'a009', '', 1),
(320, 'a-010', '', 3, 'a010', '', 1),
(321, 'a-011', '', 3, 'a011', '', 1),
(322, 'a-012', '', 3, 'a012', '', 1),
(323, 'a-013', '', 3, 'a013', '', 1),
(324, 'a-014', '', 3, 'a014', '', 1),
(325, 'a-015', '', 3, 'a015', '', 1),
(326, 'a-016', '', 3, 'a016', '', 1),
(327, 'a-017', '', 3, 'a017', '', 1),
(328, 'a-018', '', 3, 'a018', '', 1),
(329, 'a-019', '', 3, 'a019', '', 1),
(330, 'a-020', '', 3, 'a020', '', 1),
(331, 'a-021', '', 3, 'a021', '', 1),
(332, 'a-022', '', 3, 'a022', '', 1),
(333, 'a-023', '', 3, 'a023', '', 1),
(334, 'a-024', '', 3, 'a024', '', 1),
(335, 'a-025', '', 3, 'a025', '', 1),
(336, 'a-026', '', 3, 'a026', '', 1),
(337, 'a-027', '', 3, 'a027', '', 1),
(338, 'a-028', '', 3, 'a028', '', 1),
(339, 'a-029', '', 3, 'a029', '', 1),
(340, 'a-030', '', 3, 'a030', '', 1),
(341, 'a-031', '', 3, 'a031', '', 1),
(342, 'a-032', '', 3, 'a032', '', 1),
(343, 'a-033', '', 3, 'a033', '', 1),
(344, 'a-034', '', 3, 'a034', '', 1),
(345, 'a-035', '', 3, 'a035', '', 1),
(346, 'a-036', '', 3, 'a036', '', 1),
(347, 'a-037', '', 3, 'a037', '', 1),
(348, 'a-038', '', 3, 'a038', '', 1),
(349, 'a-039', '', 3, 'a039', '', 1),
(350, 'a-040', '', 3, 'a040', '', 1),
(351, 'o-046', '', 2, 'o046', '', 1),
(352, 'o-047', '', 2, 'o047', '', 1),
(353, 'o-048', '', 2, 'o048', '', 1),
(354, 'o-049', '', 2, 'o049', '', 1),
(355, 'n-001', '', 4, 'n001', '', 1),
(356, 'n-002', '', 4, 'n002', '', 1),
(357, 'n-003', '', 4, 'n003', '', 1),
(358, 'n-004', '', 4, 'n004', '', 1),
(359, 'n-005', '', 4, 'n005', '', 1),
(360, 'n-006', '', 4, 'n006', '', 1),
(361, 'n-007', '', 4, 'n007', '', 1),
(362, 'n-008', '', 4, 'n008', '', 1),
(363, 'n-009', '', 4, 'n009', '', 1),
(364, 'n-010', '', 4, 'n010', '', 1),
(365, 'n-011', '', 4, 'n011', '', 1),
(366, 'n-012', '', 4, 'n012', '', 1),
(367, 'n-013', '', 4, 'n013', '', 1),
(368, 'v-014', '', 5, 'v014', '', 1),
(369, 'v-015', '', 5, 'v015', '', 1),
(370, 'v-016', '', 5, 'v016', '', 1),
(371, 'v-017', '', 5, 'v017', '', 1),
(372, 'v-018', '', 5, 'v018', '', 1),
(373, 'v-019', '', 5, 'v019', '', 1),
(374, 'v-020', '', 5, 'v020', '', 1),
(375, 'v-021', '', 5, 'v021', '', 1),
(376, 'v-022', '', 5, 'v022', '', 1),
(377, 'v-023', '', 5, 'v023', '', 1),
(378, 'v-024', '', 5, 'v024', '', 1),
(379, 'v-025', '', 5, 'v025', '', 1),
(380, 'v-026', '', 5, 'v026', '', 1),
(381, 'v-027', '', 5, 'v027', '', 1),
(382, 'v-028', '', 5, 'v028', '', 1),
(383, 'v-029', '', 5, 'v029', '', 1),
(384, 'v-030', '', 5, 'v030', '', 1),
(385, 'v-031', '', 5, 'v031', '', 1),
(386, 'v-032', '', 5, 'v032', '', 1),
(387, 'v-033', '', 5, 'v033', '', 1),
(388, 'v-034', '', 5, 'v034', '', 1),
(389, 'v-035', '', 5, 'v035', '', 1),
(390, 'v-036', '', 5, 'v036', '', 1),
(391, 'v-037', '', 5, 'v037', '', 1),
(392, 'v-038', '', 5, 'v038', '', 1),
(393, 'v-039', '', 5, 'v039', '', 1),
(394, 'v-040', '', 5, 'v040', '', 1),
(395, 'v-041', '', 5, 'v041', '', 1),
(396, 'v-042', '', 5, 'v042', '', 1),
(397, 'v-043', '', 5, 'v043', '', 1),
(398, 'v-044', '', 5, 'v044', '', 1),
(399, 'v-045', '', 5, 'v045', '', 1),
(400, 'v-046', '', 5, 'v046', '', 1),
(401, 'v-047', '', 5, 'v047', '', 1),
(402, 'v-048', '', 5, 'v048', '', 1),
(403, 'v-049', '', 5, 'v049', '', 1),
(404, 'v-050', '', 5, 'v050', '', 1),
(405, 'v-051', '', 5, 'v051', '', 1),
(406, 'v-052', '', 5, 'v052', '', 1),
(407, 'v-053', '', 5, 'v053', '', 1),
(408, 'v-054', '', 5, 'v054', '', 1),
(409, 'v-055', '', 5, 'v055', '', 1),
(410, 'v-056', '', 5, 'v056', '', 1),
(411, 'v-057', '', 5, 'v057', '', 1),
(412, 'v-058', '', 5, 'v058', '', 1),
(413, 'v-059', '', 5, 'v059', '', 1),
(414, 'v-060', '', 5, 'v060', '', 1),
(415, 'v-061', '', 5, 'v061', '', 1),
(416, 'v-062', '', 5, 'v062', '', 1),
(417, 'v-063', '', 5, 'v063', '', 1),
(418, 'v-064', '', 5, 'v064', '', 1),
(419, 'v-065', '', 5, 'v065', '', 1),
(420, 'v-066', '', 5, 'v066', '', 1),
(421, 'v-067', '', 5, 'v067', '', 1),
(422, 'v-068', '', 5, 'v068', '', 1),
(423, 'v-069', '', 5, 'v069', '', 1),
(424, 'v-070', '', 5, 'v070', '', 1),
(425, 'v-071', '', 5, 'v071', '', 1),
(426, 'v-072', '', 5, 'v072', '', 1),
(427, 'v-073', '', 5, 'v073', '', 1),
(428, 'p-001', '', 8, 'p001', '', 1),
(429, 'p-002', '', 8, 'p002', '', 1),
(430, 'p-003', '', 8, 'p003', '', 1),
(431, 'o-050', '', 2, 'o050', '', 1),
(432, 'o-051', '', 2, 'o051', '', 1),
(433, 'o-052', '', 2, 'o052', '', 1),
(434, 'a-041', '', 3, 'a041', '', 1),
(435, 'a-042', '', 3, 'a042', '', 1),
(436, 's-166', '', 1, 's166', '', 1),
(437, 's-167', '', 1, 's167', '', 1),
(438, 'o-053', '', 2, 'o053', '', 1),
(439, 'a-043', '', 3, 'a043', '', 1),
(440, 'p-004', '', 8, 'p004', '', 1),
(441, 's-168', '', 1, 's168', '', 1),
(442, 'o-054', '', 2, 'o054', '', 1);

-- --------------------------------------------------------

--
-- Структура таблицы `ss_price`
--

CREATE TABLE IF NOT EXISTS `ss_price` (
  `id` int(11) NOT NULL,
  `size` varchar(2) NOT NULL,
  `count` varchar(20) NOT NULL,
  `one` float(10,2) NOT NULL,
  `two` float(10,2) NOT NULL,
  `three` float(10,2) NOT NULL,
  `four` float(10,2) NOT NULL,
  `five` float(10,2) NOT NULL,
  `six` float(10,2) NOT NULL
) ENGINE=InnoDB AUTO_INCREMENT=61 DEFAULT CHARSET=utf8;

--
-- Дамп данных таблицы `ss_price`
--

INSERT INTO `ss_price` (`id`, `size`, `count`, `one`, `two`, `three`, `four`, `five`, `six`) VALUES
(50, 'a6', '100 - 200', 7.00, 9.00, 11.00, 13.00, 15.00, 17.00),
(51, 'a6', '201 - 300', 6.00, 7.00, 8.00, 9.00, 10.00, 11.00),
(52, 'a6', '301 - 400', 5.00, 6.00, 7.00, 8.00, 9.00, 10.00),
(53, 'a6', '401 - 500', 4.00, 5.00, 6.00, 7.00, 8.00, 9.00),
(54, 'a6', 'более 500', 3.00, 4.00, 5.00, 6.00, 7.00, 8.00),
(55, 'a3', '100 - 200', 9.00, 13.00, 17.00, 21.00, 25.00, 29.00),
(57, 'a3', '201 - 300', 8.00, 11.00, 14.00, 17.00, 20.00, 23.00),
(58, 'a3', '301 - 400', 7.00, 10.00, 13.00, 16.00, 19.00, 22.00),
(59, 'a3', '401 - 500', 6.00, 9.00, 12.00, 15.00, 18.00, 21.00),
(60, 'a3', 'более 500', 5.00, 8.00, 11.00, 14.00, 17.00, 20.00);

-- --------------------------------------------------------

--
-- Структура таблицы `user`
--

CREATE TABLE IF NOT EXISTS `user` (
  `id` int(10) unsigned NOT NULL,
  `username` varchar(255) NOT NULL,
  `password` varchar(255) NOT NULL,
  `auth_key` varchar(255) DEFAULT NULL
) ENGINE=InnoDB AUTO_INCREMENT=2 DEFAULT CHARSET=utf8;

--
-- Дамп данных таблицы `user`
--

INSERT INTO `user` (`id`, `username`, `password`, `auth_key`) VALUES
(1, 'admin', '$2y$13$TAN5UYcDu8nGRkne6Ff2tuMb5wpyqnVo5NeUOTeXz.SMvecWZfo8O', 'YbcLsSAtO_my0JyrlsMfKwYJ1y-qNCCQ');

--
-- Индексы сохранённых таблиц
--

--
-- Индексы таблицы `category`
--
ALTER TABLE `category`
  ADD PRIMARY KEY (`id`),
  ADD KEY `inx-category-parent_id` (`parent_id`) USING BTREE;

--
-- Индексы таблицы `dc_order`
--
ALTER TABLE `dc_order`
  ADD PRIMARY KEY (`id`);

--
-- Индексы таблицы `dc_price`
--
ALTER TABLE `dc_price`
  ADD PRIMARY KEY (`id`);

--
-- Индексы таблицы `product`
--
ALTER TABLE `product`
  ADD PRIMARY KEY (`id`),
  ADD KEY `inx-product-category_id` (`category_id`) USING BTREE;

--
-- Индексы таблицы `ss_price`
--
ALTER TABLE `ss_price`
  ADD PRIMARY KEY (`id`);

--
-- Индексы таблицы `user`
--
ALTER TABLE `user`
  ADD PRIMARY KEY (`id`);

--
-- AUTO_INCREMENT для сохранённых таблиц
--

--
-- AUTO_INCREMENT для таблицы `category`
--
ALTER TABLE `category`
  MODIFY `id` int(11) NOT NULL AUTO_INCREMENT,AUTO_INCREMENT=12;
--
-- AUTO_INCREMENT для таблицы `dc_order`
--
ALTER TABLE `dc_order`
  MODIFY `id` int(11) NOT NULL AUTO_INCREMENT,AUTO_INCREMENT=11;
--
-- AUTO_INCREMENT для таблицы `dc_price`
--
ALTER TABLE `dc_price`
  MODIFY `id` int(11) NOT NULL AUTO_INCREMENT,AUTO_INCREMENT=11;
--
-- AUTO_INCREMENT для таблицы `product`
--
ALTER TABLE `product`
  MODIFY `id` int(11) NOT NULL AUTO_INCREMENT,AUTO_INCREMENT=443;
--
-- AUTO_INCREMENT для таблицы `ss_price`
--
ALTER TABLE `ss_price`
  MODIFY `id` int(11) NOT NULL AUTO_INCREMENT,AUTO_INCREMENT=61;
--
-- AUTO_INCREMENT для таблицы `user`
--
ALTER TABLE `user`
  MODIFY `id` int(10) unsigned NOT NULL AUTO_INCREMENT,AUTO_INCREMENT=2;
--
-- Ограничения внешнего ключа сохраненных таблиц
--

--
-- Ограничения внешнего ключа таблицы `product`
--
ALTER TABLE `product`
  ADD CONSTRAINT `fk-product-category_id` FOREIGN KEY (`category_id`) REFERENCES `category` (`id`);

/*!40101 SET CHARACTER_SET_CLIENT=@OLD_CHARACTER_SET_CLIENT */;
/*!40101 SET CHARACTER_SET_RESULTS=@OLD_CHARACTER_SET_RESULTS */;
/*!40101 SET COLLATION_CONNECTION=@OLD_COLLATION_CONNECTION */;
